<manifest><control namespace="SpeechToText" constructor="SpeechToText" version="0.0.1" display-name-key="SpeechToText" description-key="SpeechToText description" control-type="standard" api-version="1.3.7"><external-service-usage enabled="false" /><property name="TextVal" display-name-key="TextVal" description-key="TextVal" of-type="Multiple" usage="bound" required="false" /><property name="LanguageOptions" display-name-key="LanguageOptions" description-key="LanguageOptions" of-type="SingleLine.Text" usage="input" required="false" /><property name="Language" display-name-key="Language" description-key="Language" of-type="SingleLine.Text" usage="bound" required="false" /><property name="TriggerVal" display-name-key="TriggerVal" description-key="TriggerVal" of-type="SingleLine.Text" usage="bound" required="false" /><resources><code path="bundle.js" order="1" /></resources><built-by name="pac" version="1.28.2" /></control></manifest>