<manifest><control namespace="ndspcf" constructor="ndsspeech" version="2.0.21" display-name-key="ndsspeech" description-key="ndsspeech description" control-type="standard" api-version="1.3.4"><external-service-usage enabled="false" /><property name="TextVal" display-name-key="TextVal" description-key="TextVal" of-type-group="TextInputs" usage="bound" required="false" /><property name="LanguageOptions" display-name-key="LanguageOptions" description-key="LanguageOptions" of-type="SingleLine.Text" usage="input" required="false" /><property name="Language" display-name-key="Language" description-key="Language" of-type="SingleLine.Text" usage="bound" required="false" /><type-group name="TextInputs"><type>SingleLine.Text</type><type>SingleLine.TextArea</type><type>Multiple</type></type-group><resources><code path="bundle.js" order="1" /></resources><built-by name="pac" version="1.21.8" /></control></manifest>